Column,count,mean,std,min,25%,50%,75%,max
AVProductsInstalled,8885262.0,,0.0,0.0,1.0,1.0,2.0,7.0
AVProductsEnabled,8885262.0,,0.0,0.0,1.0,1.0,1.0,5.0
Census_ProcessorCoreCount,8880177.0,,0.0,1.0,2.0,4.0,4.0,192.0
Census_PrimaryDiskTotalCapacity,8868467.0,3089053.25,4451634176.0,0.0,239372.0,476940.0,953869.0,8160436813824.0
Census_SystemVolumeTotalCapacity,8868481.0,377368.21875,325879.0625,0.0,120775.0,249500.0,475973.0,47687100.0
Census_TotalPhysicalRAM,8840950.0,6115.2568359375,5115.82080078125,255.0,4096.0,4096.0,8192.0,1572864.0
Census_InternalPrimaryDiagonalDisplaySizeInInches,8874349.0,,0.0,0.7001953125,13.8984375,15.5,17.203125,182.25
Census_InternalPrimaryDisplayResolutionHorizontal,8874497.0,,,-1.0,1366.0,1366.0,1920.0,12288.0
Census_InternalPrimaryDisplayResolutionVertical,8874497.0,,,-1.0,768.0,768.0,1080.0,8640.0
Census_InternalBatteryNumberOfCharges,8652728.0,1123781632.0,1887781760.0,0.0,0.0,0.0,4294967296.0,4294967296.0
