Column,count,top,top_level_percentage
ProductName,8921483,win8defender,0.9893556934424468
IsBeta,8921483,0,0.999992490037811
IsSxsPassiveMode,8921483,0,0.9826662226448226
HasTpm,8921483,1,0.9879710581749693
AutoSampleOptIn,8921483,0,0.9999710810411229
PuaMode,2309,on,0.9991338241663058
SMode,8383724,0,0.9995370792263677
UacLuaenable,8910645,1,0.9939254677972246
Census_DeviceFamily,8921483,Windows.Desktop,0.998382555904663
Census_IsPortableOperatingSystem,8921483,0,0.9994547991628746
Census_IsFlightingInternal,1512724,0,0.9999861177584278
Census_IsFlightsDisabled,8760960,0,0.9999899554386734
Census_ThresholdOptIn,3254158,0,0.9997492438904318
Census_IsWIMBootEnabled,3261780,0,0.9999996934189308
Census_IsVirtualDevice,8905530,0,0.9929605537233607
