Label,Count,Frequency,Frequency %
0,8921225,0.9999710810411229,100.0
1,258,2.8918958877128388e-05,0.0
