Label,Count,Frequency,Frequency %
1.0,6208893,0.6959485323236059,69.59
2.0,2459008,0.2756277179477896,27.56
3.0,208103,0.023326054648089338,2.33
,36221,0.004059975230575455,0.41
4.0,8757,0.0009815632670039274,0.1
5.0,471,5.279391329894368e-05,0.01
6.0,28,3.138491661083701e-06,0.0
7.0,1,1.1208898789584646e-07,0.0
0.0,1,1.1208898789584646e-07,0.0
