Label,Count,Frequency,Frequency %
1.0,8654101,0.9700294222384328,97.0
2.0,198652,0.022266701623485693,2.23
,36221,0.004059975230575455,0.41
0.0,25958,0.0029096059478003825,0.29
3.0,6075,0.0006809406014672673,0.07
4.0,453,5.077631151681845e-05,0.01
5.0,23,2.5780467216044686e-06,0.0
