Label,Count,Frequency,Frequency %
CORE,3469869,0.38893410434117287,38.89
PROFESSIONAL,3187913,0.3573299416700116,35.73
CORE_SINGLELANGUAGE,1945133,0.21802798929281153,21.8
CORE_COUNTRYSPECIFIC,165886,0.018593993846090385,1.86
EDUCATION,40827,0.004576257108823724,0.46
ENTERPRISE,35602,0.003990592147067926,0.4
PROFESSIONAL_N,28522,0.0031970021127653327,0.32
ENTERPRISE_S,20022,0.002244245715650638,0.22
STANDARD_SERVER,10128,0.001135237269409133,0.11
CLOUD,6167,0.0006912527883536851,0.07
CORE_N,4787,0.000536569985057417,0.05
STANDARD_EVALUATION_SERVER,2755,0.000308805161653057,0.03
EDUCATION_N,927,0.00010390649177944967,0.01
ENTERPRISE_S_N,881,9.875039833624073e-05,0.01
DATACENTER_EVALUATION_SERVER,829,9.292177096565671e-05,0.01
SB_SOLUTION_SERVER,684,7.666886772075898e-05,0.01
ENTERPRISE_N,356,3.9903679690921344e-05,0.0
PRO_WORKSTATION,124,1.3899034499084962e-05,0.0
UNLICENSED,17,1.90551279422939e-06,0.0
DATACENTER_SERVER,14,1.5692458305418505e-06,0.0
PRO_WORKSTATION_N,12,1.3450678547501575e-06,0.0
CLOUDN,7,7.846229152709253e-07,0.0
PRO_CHINA,5,5.604449394792323e-07,0.0
ULTIMATE,4,4.4835595158338585e-07,0.0
SERVERRDSH,4,4.4835595158338585e-07,0.0
PRO_FOR_EDUCATION,3,3.3626696368753937e-07,0.0
PRO_SINGLE_LANGUAGE,2,2.2417797579169292e-07,0.0
ENTERPRISEG,1,1.1208898789584646e-07,0.0
STARTER,1,1.1208898789584646e-07,0.0
UNDEFINED,1,1.1208898789584646e-07,0.0
