Label,Count,Frequency,Frequency %
UUPUpgrade,2608037,0.29233222772491974,29.23
IBSClean,1650733,0.1850289912562743,18.5
Update,1593308,0.17859228112635533,17.86
Upgrade,1251559,0.1402859816019377,14.03
Other,840121,0.09416831260004643,9.42
Reset,649201,0.07276828303097142,7.28
Refresh,205842,0.023072621446456828,2.31
Clean,69073,0.0077423226609298025,0.77
CleanPCRefresh,53609,0.0060089785521084335,0.6
