Label,Count,Frequency,Frequency %
0,8760872,0.9819972755650602,98.2
,160523,0.017992860604004964,1.8
1,88,9.86383093483449e-06,0.0
