Label,Count,Frequency,Frequency %
,5659703,0.6343903810610859,63.44
0,3261779,0.36560950684992616,36.56
1,1,1.1208898789584646e-07,0.0
