Label,Count,Frequency,Frequency %
0,8341972,0.9350431985354901,93.5
1,508168,0.056960036801056504,5.7
,71343,0.007996764663453374,0.8
