Label,Count,Frequency,Frequency %
0,7801452,0.8744568587980271,87.45
1,1120031,0.12554314120197282,12.55
