Label,Count,Frequency,Frequency %
Retail,4727589,0.5299106661975369,52.99
OEM:DM,3413350,0.3825989468342875,38.26
Volume:GVLK,450954,0.050546977447583546,5.05
OEM:NONSLP,317980,0.03564205637112126,3.56
Volume:MAK,8028,0.0008998503948278554,0.09
Retail:TB:Eval,3582,0.000401502754642922,0.04
