Label,Count,Frequency,Frequency %
Windows.Desktop,8907053,0.998382555904663,99.84
Windows.Server,14410,0.0016152023155791475,0.16
Windows,20,2.2417797579169293e-06,0.0
