Label,Count,Frequency,Frequency %
Mobile,6182908,0.6930358999731323,69.3
Desktop,2066620,0.2316453441653142,23.16
Slate,492537,0.05520797383125653,5.52
Workstation,109683,0.012294256459380128,1.23
SOHOServer,37841,0.004241559390966726,0.42
,20683,0.0023183365366497926,0.23
EnterpriseServer,7094,0.0007951592801331348,0.08
AppliancePC,4015,0.00045003728640182356,0.05
PerformanceServer,97,1.0872631825897107e-05,0.0
Unspecified,5,5.604449394792323e-07,0.0
