Label,Count,Frequency,Frequency %
amd64,8105885,0.9085804456501234,90.86
x86,815252,0.09138077156006462,9.14
arm64,346,3.878278981196288e-05,0.0
