Label,Count,Frequency,Frequency %
0,8581834,0.9619290873501637,96.19
1,339649,0.03807091264983636,3.81
