Label,Count,Frequency,Frequency %
0,8232858,0.9228127207102227,92.28
1,688625,0.07718727928977727,7.72
