Label,Count,Frequency,Frequency %
,7408759,0.8304402978742436,83.04
0,1512703,0.16955734825701063,16.96
1,21,2.3538687458127756e-06,0.0
