Label,Count,Frequency,Frequency %
Core,3469991,0.3889477791976962,38.89
Professional,3130566,0.35090197448114846,35.09
CoreSingleLanguage,1945461,0.21806475448084137,21.81
CoreCountrySpecific,166100,0.018617980889500098,1.86
ProfessionalEducation,56698,0.006355221435718703,0.64
Education,40704,0.004562470163312534,0.46
Enterprise,35603,0.003990704236055822,0.4
ProfessionalN,28341,0.0031767140059561845,0.32
EnterpriseS,20020,0.002244021537674846,0.22
ServerStandard,10128,0.001135237269409133,0.11
Cloud,6275,0.0007033583990464366,0.07
CoreN,4790,0.0005369062520211046,0.05
ServerStandardEval,2751,0.0003083568057014736,0.03
EducationN,932,0.0001044669367189289,0.01
EnterpriseSN,878,9.84141313725532e-05,0.01
ServerDatacenterEval,829,9.292177096565671e-05,0.01
ServerSolution,683,7.655677873286314e-05,0.01
EnterpriseN,351,3.934323475144211e-05,0.0
ProfessionalEducationN,192,2.152108567600252e-05,0.0
ProfessionalWorkstation,128,1.4347390450668347e-05,0.0
ServerDatacenter,15,1.681334818437697e-06,0.0
ProfessionalWorkstationN,13,1.457156842646004e-06,0.0
CloudN,8,8.967119031667717e-07,0.0
ProfessionalCountrySpecific,5,5.604449394792323e-07,0.0
Home,4,4.4835595158338585e-07,0.0
Ultimate,4,4.4835595158338585e-07,0.0
ServerRdsh,4,4.4835595158338585e-07,0.0
ProfessionalSingleLanguage,3,3.3626696368753937e-07,0.0
HomePremium,2,2.2417797579169292e-07,0.0
ServerDatacenterACor,1,1.1208898789584646e-07,0.0
Pro,1,1.1208898789584646e-07,0.0
Enterprise 2015 LTSB,1,1.1208898789584646e-07,0.0
professional,1,1.1208898789584646e-07,0.0
