Label,Count,Frequency,Frequency %
rs4_release,4009158,0.449382462534536,44.94
rs3_release,1237321,0.13869005859227665,13.87
rs3_release_svc_escrow,1199767,0.13448066874083603,13.45
rs2_release,797066,0.08934232122619076,8.93
rs1_release,785534,0.08804971101777585,8.8
th2_release,326655,0.03661442834111773,3.66
th2_release_sec,266882,0.029914533267619295,2.99
th1_st1,195840,0.021951507389522572,2.2
th1,75764,0.008492310078940912,0.85
rs5_release,15324,0.0017176516505159512,0.17
rs3_release_svc_escrow_im,6181,0.000692822034184227,0.07
rs_prerelease,3171,0.0003554341806177291,0.04
rs_prerelease_flt,2714,0.0003042095131493273,0.03
rs5_release_sigma,62,6.949517249542481e-06,0.0
rs1_release_srvmedia,10,1.1208898789584646e-06,0.0
winblue_ltsb_escrow,8,8.967119031667717e-07,0.0
win8_gdr,3,3.3626696368753937e-07,0.0
win7sp1_ldr,3,3.3626696368753937e-07,0.0
winblue_ltsb,3,3.3626696368753937e-07,0.0
rs5_release_sigma_dev,2,2.2417797579169292e-07,0.0
rs5_release_edge,2,2.2417797579169292e-07,0.0
win7sp1_ldr_escrow,2,2.2417797579169292e-07,0.0
rs_xbox,2,2.2417797579169292e-07,0.0
rs5_release_sign,1,1.1208898789584646e-07,0.0
rs1_release_sec,1,1.1208898789584646e-07,0.0
rs3_release_svc,1,1.1208898789584646e-07,0.0
Khmer OS,1,1.1208898789584646e-07,0.0
rs_shell,1,1.1208898789584646e-07,0.0
rs_onecore_stack_per1,1,1.1208898789584646e-07,0.0
rs_onecore_base_cobalt,1,1.1208898789584646e-07,0.0
rs1_release_svc,1,1.1208898789584646e-07,0.0
win8_ldr,1,1.1208898789584646e-07,0.0
