Label,Count,Frequency,Frequency %
,5667325,0.635244723326828,63.52
0,3253342,0.3646638120590489,36.47
1,816,9.146461412301071e-05,0.01
