Label,Count,Frequency,Frequency %
Notebook,5248812,0.5883340247355737,58.83
Desktop,1872125,0.20984459646451156,20.98
Laptop,685581,0.07684608041062231,7.68
Portable,360903,0.04045325199857468,4.05
AllinOne,204295,0.022899219782181953,2.29
MiniTower,85127,0.009541799272609721,0.95
Convertible,84472,0.009468380985537943,0.95
,77846,0.008725679351740064,0.87
Other,75782,0.008494327680723036,0.85
Detachable,51466,0.005768771851047634,0.58
LowProfileDesktop,50072,0.005612519801920824,0.56
HandHeld,46009,0.0051571022441,0.52
SpaceSaving,29070,0.0032584268781322566,0.33
Tablet,13630,0.0015277729050203873,0.15
Tower,12549,0.0014066047091049773,0.14
MainServerChassis,9545,0.0010698893894658544,0.11
MiniPC,4433,0.0004968904833422874,0.05
LunchBox,3971,0.0004451053709344063,0.04
RackMountChassis,3410,0.0003822234487248364,0.04
SubNotebook,807,9.045581323194809e-05,0.01
BusExpansionChassis,720,8.070407128500945e-05,0.01
30,243,2.723762405869069e-05,0.0
StickPC,142,1.5916636281210196e-05,0.0
0,133,1.4907835390147579e-05,0.0
MultisystemChassis,61,6.837428261646634e-06,0.0
Blade,52,5.828627370584016e-06,0.0
35,50,5.604449394792323e-06,0.0
PizzaBox,46,5.156093443208937e-06,0.0
SealedCasePC,39,4.371470527938012e-06,0.0
SubChassis,16,1.7934238063335434e-06,0.0
ExpansionChassis,12,1.3450678547501575e-06,0.0
31,11,1.2329788668543112e-06,0.0
88,8,8.967119031667717e-07,0.0
32,8,8.967119031667717e-07,0.0
127,7,7.846229152709253e-07,0.0
25,6,6.725339273750787e-07,0.0
44,4,4.4835595158338585e-07,0.0
36,3,3.3626696368753937e-07,0.0
CompactPCI,2,2.2417797579169292e-07,0.0
81,2,2.2417797579169292e-07,0.0
BladeEnclosure,2,2.2417797579169292e-07,0.0
DockingStation,2,2.2417797579169292e-07,0.0
EmbeddedPC,1,1.1208898789584646e-07,0.0
112,1,1.1208898789584646e-07,0.0
39,1,1.1208898789584646e-07,0.0
49,1,1.1208898789584646e-07,0.0
45,1,1.1208898789584646e-07,0.0
76,1,1.1208898789584646e-07,0.0
IoTGateway,1,1.1208898789584646e-07,0.0
82,1,1.1208898789584646e-07,0.0
28,1,1.1208898789584646e-07,0.0
