Label,Count,Frequency,Frequency %
0,8916619,0.9994547991628746,99.95
1,4864,0.0005452008371253972,0.05
