Label,Count,Frequency,Frequency %
0,8842840,0.991184985724907,99.12
1,62690,0.007026858651190615,0.7
,15953,0.0017881556239024386,0.18
