Label,Count,Frequency,Frequency %
,8884852,0.9958940682843872,99.59
mid,20914,0.002344229092853733,0.23
low,9621,0.0010784081525459389,0.11
high,6096,0.00068329447021308,0.07
