Label,Count,Frequency,Frequency %
0,4585438,0.5139771044791545,51.4
1,4336045,0.4860228955208456,48.6
