Label,Count,Frequency,Frequency %
IS_GENUINE,7877597,0.8829918747813564,88.3
INVALID_LICENSE,801692,0.08986084488419695,8.99
OFFLINE,228366,0.025597313809822872,2.56
,13826,0.0015497423466479731,0.15
TAMPERED,2,2.2417797579169292e-07,0.0
