Label,Count,Frequency,Frequency %
Retail,8355679,0.9365796022925785,93.66
NOT_SET,287803,0.0322595469833883,3.23
,243438,0.02728671903538907,2.73
WIS,10648,0.001193523543114973,0.12
WIF,10322,0.0011569825330609272,0.12
RP,9860,0.001105197420653046,0.11
Disabled,3722,0.0004171952129483405,0.04
OSG,7,7.846229152709253e-07,0.0
Canary,3,3.3626696368753937e-07,0.0
Invalid,1,1.1208898789584646e-07,0.0
