Label,Count,Frequency,Frequency %
8,3179262,0.3563602598357246,35.64
9,1034201,0.11592254337087231,11.59
7,512753,0.05747396481055896,5.75
29,492267,0.055177709804524654,5.52
14,432503,0.048478823531917285,4.85
37,403190,0.045193159029726336,4.52
10,366636,0.04109585816618157,4.11
26,334766,0.037523582121940936,3.75
5,252887,0.028345847882016925,2.83
35,204832,0.022959411568682024,2.3
39,201525,0.02258873328571046,2.26
18,190828,0.02138971738218859,2.14
20,169059,0.018949652204683906,1.89
24,142175,0.015936251854091973,1.59
25,132408,0.014841478709313238,1.48
27,108176,0.012125338354621087,1.21
19,84177,0.009435314734108668,0.94
17,83445,0.009353265594968909,0.94
1,79777,0.008942123187366943,0.89
3,72370,0.008111880054022408,0.81
,60084,0.006734754748734039,0.67
6,50489,0.005659260909873392,0.57
33,48800,0.005469942609317308,0.55
15,41514,0.00465326224350817,0.47
4,35407,0.003968734794428236,0.4
30,31956,0.0035819156971996697,0.36
23,29496,0.0033061767869758873,0.33
31,22149,0.002482658992905103,0.25
12,19906,0.00223124339305472,0.22
2,18270,0.002047865808857115,0.2
16,15831,0.0017744807673791454,0.18
36,14585,0.0016348178884609207,0.16
28,12696,0.0014230817903256668,0.14
13,10869,0.0012182952094399553,0.12
34,10647,0.0011934114541270772,0.12
21,6865,0.000769490901904986,0.08
32,4559,0.000511013695817164,0.05
38,3737,0.0004188765477667782,0.04
11,3219,0.00036081445203672976,0.04
22,3167,0.00035498582466614575,0.04
