Label,Count,Frequency,Frequency %
4.0,5430193,0.6086648374491102,60.87
2.0,2311969,0.25914626525657225,25.91
8.0,865004,0.09695742288585878,9.7
12.0,92702,0.010390873355920758,1.04
1.0,70390,0.007889943857988633,0.79
6.0,69910,0.007836141143798627,0.78
,41306,0.004629947734025834,0.46
16.0,18551,0.0020793628144558478,0.21
3.0,13580,0.001522168455625595,0.15
32.0,2136,0.00023942207814552804,0.02
24.0,1847,0.00020702836064362843,0.02
20.0,1781,0.00019963048744250255,0.02
40.0,506,5.671702787529831e-05,0.01
36.0,287,3.2169539526107936e-05,0.0
28.0,271,3.0376115719774392e-05,0.0
48.0,235,2.634091215552392e-05,0.0
5.0,216,2.4211221385502835e-05,0.0
56.0,132,1.4795746402251734e-05,0.0
10.0,98,1.0984720813792953e-05,0.0
64.0,93,1.0424275874313721e-05,0.0
7.0,92,1.0312186886417875e-05,0.0
72.0,39,4.371470527938012e-06,0.0
88.0,23,2.5780467216044686e-06,0.0
14.0,22,2.4659577337086223e-06,0.0
80.0,20,2.2417797579169293e-06,0.0
44.0,16,1.7934238063335434e-06,0.0
30.0,10,1.1208898789584646e-06,0.0
9.0,7,7.846229152709253e-07,0.0
96.0,6,6.725339273750787e-07,0.0
112.0,6,6.725339273750787e-07,0.0
18.0,5,5.604449394792323e-07,0.0
22.0,4,4.4835595158338585e-07,0.0
11.0,4,4.4835595158338585e-07,0.0
46.0,3,3.3626696368753937e-07,0.0
52.0,3,3.3626696368753937e-07,0.0
128.0,3,3.3626696368753937e-07,0.0
104.0,2,2.2417797579169292e-07,0.0
15.0,2,2.2417797579169292e-07,0.0
26.0,2,2.2417797579169292e-07,0.0
120.0,1,1.1208898789584646e-07,0.0
13.0,1,1.1208898789584646e-07,0.0
144.0,1,1.1208898789584646e-07,0.0
50.0,1,1.1208898789584646e-07,0.0
192.0,1,1.1208898789584646e-07,0.0
54.0,1,1.1208898789584646e-07,0.0
25.0,1,1.1208898789584646e-07,0.0
