Label,Count,Frequency,Frequency %
5,7839318,0.8787012204136914,87.87
1,1040292,0.11660527739614591,11.66
,41313,0.004630732356941105,0.46
10,339,3.799816689669195e-05,0.0
3,218,2.4435399361294528e-05,0.0
9,1,1.1208898789584646e-07,0.0
7,1,1.1208898789584646e-07,0.0
4,1,1.1208898789584646e-07,0.0
