Label,Count,Frequency,Frequency %
HDD,5806804,0.6508787832695528,65.09
SSD,2466808,0.2765020120533772,27.65
,371095,0.04159566296320914,4.16
Unspecified,276776,0.031023541713860802,3.1
