Label,Count,Frequency,Frequency %
Notebook,5723319,0.6415210341150681,64.15
Desktop,1951086,0.2186952550377555,21.87
Convertible,405378,0.04543840973524245,4.54
Detachable,298233,0.033428635127141976,3.34
AllInOne,292077,0.03273861531765515,3.27
PCOther,139955,0.015687414300963192,1.57
LargeTablet,67121,0.007523524956557111,0.75
SmallTablet,31393,0.003518809597014308,0.35
SmallServer,8630,0.000967327965541155,0.1
MediumServer,3385,0.0003794212240274403,0.04
LargeServer,875,9.807786440886566e-05,0.01
ServerOther,30,3.362669636875394e-06,0.0
IoTOther,1,1.1208898789584646e-07,0.0
