Label,Count,Frequency,Frequency %
FullAuto,3954497,0.4432555663671612,44.33
,2519925,0.2824558428234409,28.25
Notify,2034254,0.22801747198307726,22.8
AutoInstallAndRebootAtMaintenanceTime,371475,0.041638256778609564,4.16
Off,26961,0.0030220312026599163,0.3
DownloadNotify,14371,0.0016108308450512095,0.16
