Label,Count,Frequency,Frequency %
1,8641014,0.9685625136538398,96.86
0,189119,0.021198157301874587,2.12
,91350,0.010239329044285575,1.02
