Label,Count,Frequency,Frequency %
0,4462591,0.5002073085831134,50.02
1,4458892,0.49979269141688665,49.98
