Label,Count,Frequency,Frequency %
1,8814167,0.9879710581749693,98.8
0,107316,0.01202894182503066,1.2
