Label,Count,Frequency,Frequency %
0,8921416,0.999992490037811,100.0
1,67,7.509962189021713e-06,0.0
