Label,Count,Frequency,Frequency %
1,8402282,0.9418032853954886,94.18
0,483157,0.05415657912479349,5.42
,36044,0.00404013547971789,0.4
