Label,Count,Frequency,Frequency %
0,8766840,0.9826662226448226,98.27
1,154643,0.017333777355177386,1.73
