Label,Count,Frequency,Frequency %
27,4196457,0.47037661787844015,47.04
,2751518,0.3084148677972037,30.84
18,1764175,0.19774459022115493,19.77
48,63845,0.007156321432210317,0.72
50,45502,0.005100273127236806,0.51
11,19436,0.002178561568743672,0.22
37,19398,0.0021743021872036297,0.22
49,13627,0.0015274366380566998,0.15
46,10974,0.0012300645531690192,0.12
14,4713,0.0005282753999531244,0.05
32,4045,0.00045339995603869895,0.05
36,3909,0.0004381558536848638,0.04
52,3043,0.0003410867901670608,0.03
33,2896,0.00032460970894637134,0.03
2,2595,0.00029087092358972156,0.03
5,1990,0.00022305708591273448,0.02
40,1648,0.00018472265205235497,0.02
28,1591,0.00017833357974229172,0.02
4,1385,0.00015524324823574736,0.02
10,1083,0.00012139237389120172,0.01
51,917,0.00010278560190049121,0.01
20,915,0.00010256142392469951,0.01
1,893,0.00010009546619099089,0.01
8,723,8.104033824869699e-05,0.01
22,418,4.685319694046382e-05,0.0
39,413,4.629275200098459e-05,0.0
6,412,4.618066301308874e-05,0.0
31,398,4.4611417182546894e-05,0.0
21,397,4.4499328194651044e-05,0.0
47,385,4.315426033990089e-05,0.0
3,331,3.710145499352518e-05,0.0
16,242,2.7125535070794843e-05,0.0
19,172,1.9279305918085592e-05,0.0
26,160,1.7934238063335434e-05,0.0
44,150,1.681334818437697e-05,0.0
29,135,1.5132013365939273e-05,0.0
42,132,1.4795746402251734e-05,0.0
7,98,1.0984720813792953e-05,0.0
41,77,8.630852067980177e-06,0.0
45,73,8.182496116396792e-06,0.0
30,64,7.1736952253341735e-06,0.0
43,60,6.725339273750788e-06,0.0
35,32,3.5868476126670868e-06,0.0
23,20,2.2417797579169293e-06,0.0
15,13,1.457156842646004e-06,0.0
25,12,1.3450678547501575e-06,0.0
12,7,7.846229152709253e-07,0.0
34,2,2.2417797579169292e-07,0.0
38,1,1.1208898789584646e-07,0.0
17,1,1.1208898789584646e-07,0.0
