Label,Count,Frequency,Frequency %
rs4,3915526,0.43888734641987215,43.89
rs3,2503681,0.2806350693040608,28.06
rs2,780270,0.08745967458549211,8.75
rs1,730819,0.08191676204505462,8.19
th2,411606,0.04613649995185778,4.61
th1,270192,0.030285547817554548,3.03
windows8.1,194508,0.021802204857645304,2.18
windows7,93889,0.010523922984553128,1.05
prers5,20992,0.002352972033909609,0.24
