Label,Count,Frequency,Frequency %
768,5560661,0.6232888635219055,62.33
256,3346251,0.37507788783546414,37.51
272,12092,0.0013553800416365755,0.14
400,793,8.888656740140624e-05,0.01
16,731,8.193705015186377e-05,0.01
305,662,7.420290998705036e-05,0.01
784,198,2.21936196033776e-05,0.0
274,39,4.371470527938012e-06,0.0
144,34,3.81102558845878e-06,0.0
49,17,1.90551279422939e-06,0.0
307,2,2.2417797579169292e-07,0.0
18,1,1.1208898789584646e-07,0.0
528,1,1.1208898789584646e-07,0.0
402,1,1.1208898789584646e-07,0.0
