Label,Count,Frequency,Frequency %
10.0.0.0,8632545,0.9676132320153499,96.76
6.3.0.0,194447,0.021795367429383657,2.18
6.1.1.0,93268,0.010454315723069808,1.05
6.1.0.0,582,6.523579095538265e-05,0.01
10.0.3.0,225,2.5220022276565455e-05,0.0
10.0.1.0,141,1.5804547293314353e-05,0.0
6.1.3.0,30,3.362669636875394e-06,0.0
10.0.2.0,30,3.362669636875394e-06,0.0
6.3.3.0,24,2.690135709500315e-06,0.0
10.0.32.72,23,2.5780467216044686e-06,0.0
6.3.1.0,22,2.4659577337086223e-06,0.0
10.0.5.0,18,2.0176017821252362e-06,0.0
10.0.7.0,15,1.681334818437697e-06,0.0
10.0.5.18,12,1.3450678547501575e-06,0.0
10.0.4.0,11,1.2329788668543112e-06,0.0
10.0.0.112,10,1.1208898789584646e-06,0.0
10.0.16.0,9,1.0088008910626181e-06,0.0
10.0.16.36,6,6.725339273750787e-07,0.0
10.0.0.1,5,5.604449394792323e-07,0.0
10.0.8.0,5,5.604449394792323e-07,0.0
10.0.80.0,4,4.4835595158338585e-07,0.0
10.0.1.44,3,3.3626696368753937e-07,0.0
6.3.4.0,3,3.3626696368753937e-07,0.0
10.0.6.0,3,3.3626696368753937e-07,0.0
6.1.2.0,2,2.2417797579169292e-07,0.0
6.3.5.0,2,2.2417797579169292e-07,0.0
6.1.7.0,2,2.2417797579169292e-07,0.0
6.3.32.72,2,2.2417797579169292e-07,0.0
10.0.0.3,2,2.2417797579169292e-07,0.0
10.0.32.0,2,2.2417797579169292e-07,0.0
10.0.3.80,2,2.2417797579169292e-07,0.0
10.0.2.86,2,2.2417797579169292e-07,0.0
10.0.21.0,1,1.1208898789584646e-07,0.0
10.0.19.80,1,1.1208898789584646e-07,0.0
6.3.7.0,1,1.1208898789584646e-07,0.0
6.1.0.112,1,1.1208898789584646e-07,0.0
6.3.80.0,1,1.1208898789584646e-07,0.0
6.3.0.112,1,1.1208898789584646e-07,0.0
10.0.0.2,1,1.1208898789584646e-07,0.0
6.3.0.117,1,1.1208898789584646e-07,0.0
6.3.0.2,1,1.1208898789584646e-07,0.0
6.3.1.144,1,1.1208898789584646e-07,0.0
6.1.16.36,1,1.1208898789584646e-07,0.0
10.0.4.80,1,1.1208898789584646e-07,0.0
6.1.4.0,1,1.1208898789584646e-07,0.0
6.1.6.0,1,1.1208898789584646e-07,0.0
6.3.0.16,1,1.1208898789584646e-07,0.0
10.0.5.117,1,1.1208898789584646e-07,0.0
10.0.23.0,1,1.1208898789584646e-07,0.0
10.0.153.153,1,1.1208898789584646e-07,0.0
10.0.0.22,1,1.1208898789584646e-07,0.0
10.0.0.96,1,1.1208898789584646e-07,0.0
6.1.0.128,1,1.1208898789584646e-07,0.0
10.0.7.101,1,1.1208898789584646e-07,0.0
10.0.1.144,1,1.1208898789584646e-07,0.0
10.0.0.80,1,1.1208898789584646e-07,0.0
10.0.48.0,1,1.1208898789584646e-07,0.0
6.3.16.0,1,1.1208898789584646e-07,0.0
