Label,Count,Frequency,Frequency %
windows10,8618715,0.9660630413127503,96.61
windows8,194508,0.021802204857645304,2.18
windows7,93889,0.010523922984553128,1.05
windows2016,14371,0.0016108308450512095,0.16
