Label,Count,Frequency,Frequency %
x64,8105435,0.9085300056055703,90.85
x86,815702,0.09143121160461776,9.14
arm64,346,3.878278981196288e-05,0.0
