Label,Count,Frequency,Frequency %
win8defender,8826520,0.9893556934424468,98.94
mse,94873,0.01063421854864264,1.06
mseprerelease,53,5.940716358479863e-06,0.0
scep,22,2.4659577337086223e-06,0.0
windowsintune,8,8.967119031667717e-07,0.0
fep,7,7.846229152709253e-07,0.0
