Label,Count,Frequency,Frequency %
,8919174,0.9997411865269485,99.97
on,2307,0.0002585892950757178,0.03
audit,2,2.2417797579169292e-07,0.0
