Label,Count,Frequency,Frequency %
7,8651487,0.969736421624073,96.97
0,190701,0.021375482080725816,2.14
,32318,0.003622491910817966,0.36
8,21974,0.00246304342002333,0.25
5,20328,0.002278544945946767,0.23
3,3029,0.00033951754433651896,0.03
1,1625,0.0001821446053307505,0.02
35,21,2.3538687458127756e-06,0.0
