Label,Count,Frequency,Frequency %
Home,5514341,0.6180969016025699,61.81
Pro,3224164,0.36139327957022394,36.14
Invalid,78054,0.0087489938612224,0.87
Education,40694,0.004561349273433576,0.46
Enterprise,34357,0.0038510413571375968,0.39
Enterprise LTSB,20702,0.0023204662274198136,0.23
Cloud,5589,0.0006264653533498859,0.06
Server,3582,0.000401502754642922,0.04
