Label,Count,Frequency,Frequency %
RequireAdmin,4316183,0.48379658404325826,48.38
,3177011,0.35610794752397107,35.61
ExistsNotSet,1046183,0.11726559362384034,11.73
Off,186553,0.020910536958933846,2.09
Warn,135483,0.015186152347092967,1.52
Prompt,34533,0.003870769019007266,0.39
Block,22533,0.0025257011642571083,0.25
off,1350,0.00015132013365939273,0.02
On,731,8.193705015186377e-05,0.01
&#x02;,416,4.662901896467213e-05,0.0
&#x01;,335,3.7549810945108566e-05,0.0
on,147,1.647708122068943e-05,0.0
requireadmin,10,1.1208898789584646e-06,0.0
OFF,4,4.4835595158338585e-07,0.0
0,3,3.3626696368753937e-07,0.0
Promt,2,2.2417797579169292e-07,0.0
&#x03;,1,1.1208898789584646e-07,0.0
Enabled,1,1.1208898789584646e-07,0.0
prompt,1,1.1208898789584646e-07,0.0
warn,1,1.1208898789584646e-07,0.0
00000000,1,1.1208898789584646e-07,0.0
requireAdmin,1,1.1208898789584646e-07,0.0
