Label,Count,Frequency,Frequency %
0,8379843,0.9392881205960937,93.93
,537759,0.0602768620418825,6.03
1,3881,0.00043501736202378015,0.04
