Label,Count,Frequency,Frequency %
1,8856517,0.9927180268123584,99.27
0,53851,0.006036104087179228,0.6
,10838,0.001214820450815184,0.12
48,206,2.309033150654437e-05,0.0
2,30,3.362669636875394e-06,0.0
49,17,1.90551279422939e-06,0.0
6357062,13,1.457156842646004e-06,0.0
3,6,6.725339273750787e-07,0.0
5,2,2.2417797579169292e-07,0.0
7798884,1,1.1208898789584646e-07,0.0
255,1,1.1208898789584646e-07,0.0
16777216,1,1.1208898789584646e-07,0.0
