Label,Count,Frequency,Frequency %
0,6174143,0.6920534399942252,69.21
1,2443889,0.27393304453979234,27.39
,303451,0.034013515465982504,3.4
