Label,Count,Frequency,Frequency %
10,1800105,0.2017719475562527,20.18
11,1347828,0.15107667637768296,15.11
3,1295892,0.14525522270232427,14.53
1,1232258,0.13812255204655996,13.81
15,1017591,0.1140607452819223,11.41
7,597297,0.06695041620322541,6.7
,303451,0.034013515465982504,3.4
8,276029,0.030939811239902602,3.09
13,225130,0.025234593844991913,2.52
5,205372,0.02301993962214578,2.3
12,163711,0.01835020029741692,1.84
6,158163,0.017728330592570764,1.77
4,135567,0.015195567822076218,1.52
9,79882,0.008953892531096007,0.9
2,79385,0.008898184304111772,0.89
14,3822,0.0004284041117379252,0.04
