mean_fit_time,std_fit_time,mean_score_time,std_score_time,param_C,param_solver,params,split0_test_score,split1_test_score,split2_test_score,mean_test_score,std_test_score,rank_test_score
0.11855141321818034,0.0026054329259837636,0.008420228958129883,0.00215377925995963,0.1,saga,"{'C': 0.1, 'solver': 'saga'}",0.6533066500201961,0.6886130797194581,0.6705936578171092,0.6708379702365653,0.01441996907591083,9
0.22529943784077963,0.004022805272876026,0.0043782393137613935,0.0002466150531021548,1,saga,"{'C': 1, 'solver': 'saga'}",0.6674989901957185,0.6944883046304117,0.6702249262536872,0.6774092016557293,0.012134340174142014,1
0.22875666618347168,0.002775432560153299,0.007344563802083333,0.004815199119382282,10,saga,"{'C': 10, 'solver': 'saga'}",0.6648551389857893,0.6887599603422319,0.6655789085545722,0.6730700162661547,0.011104340348197404,2
0.21602829297383627,0.0028950918889814065,0.00640567143758138,0.0011780327108109243,100,saga,"{'C': 100, 'solver': 'saga'}",0.6642308963390005,0.6865934711563176,0.6646202064896755,0.6718199970317874,0.01045322842881025,3
0.21388538678487143,0.0025356108282619553,0.005259513854980469,0.00020239448530287322,1000,saga,"{'C': 1000, 'solver': 'saga'}",0.6639554951712996,0.6861344692101494,0.6646570796460176,0.6715872946294149,0.010295900157761894,4
0.1093445618947347,0.00160535496059893,0.004235744476318359,0.0009110149761054434,10000,saga,"{'C': 10000, 'solver': 'saga'}",0.6639187750156061,0.6861528292879963,0.6645833333333334,0.6715566232450827,0.010330167938475491,8
0.2160336971282959,0.0019867951454958805,0.002825021743774414,0.00021571976365843435,100000,saga,"{'C': 100000, 'solver': 'saga'}",0.6639738552491463,0.6861344692101494,0.6645833333333334,0.6715688720398746,0.010307952988292741,5
0.21590630213419595,0.0008721383415517859,0.0030889511108398438,0.0006880279373531576,1000000,saga,"{'C': 1000000, 'solver': 'saga'}",0.6639738552491463,0.6861344692101494,0.6645833333333334,0.6715688720398746,0.010307952988292741,5
0.11286568641662598,0.0018064820872245439,0.0032389958699544272,0.0009167086231744227,10000000,saga,"{'C': 10000000, 'solver': 'saga'}",0.6639738552491463,0.6861344692101494,0.6645833333333334,0.6715688720398746,0.010307952988292741,5
