mean_fit_time,mean_score_time,mean_test_score,param_max_depth,param_min_samples_split,params,rank_test_score,split0_test_score,split1_test_score,split2_test_score,std_fit_time,std_score_time,std_test_score
406.74250292778015,4.453666130701701,0.7037129994296474,,1900,{'min_samples_split': 1900},3,0.7037806271232762,0.7039248682919492,0.7034335028412296,0.6522334653212578,0.177959323751347,0.00020622014488062067
405.2005225817362,5.655598084131878,0.7037383797636919,,2000,{'min_samples_split': 2000},1,0.7038422196215398,0.7038725982443086,0.7035003213753446,0.8685174576888463,0.8783652212723903,0.00016878892575575595
403.851409594218,6.9763606389363595,0.7037163711057325,,2100,{'min_samples_split': 2100},2,0.7037786676416039,0.7038922392155884,0.7034782064300791,0.6729580340285162,0.6423571324324189,0.00017467383927610657
