mean_fit_time,std_fit_time,mean_score_time,std_score_time,param_C,param_solver,params,split0_test_score,split1_test_score,split2_test_score,mean_test_score,std_test_score,rank_test_score
0.25832804044087726,0.050423931427296426,0.00445095698038737,0.0005551175893674695,0.001,saga,"{'C': 0.001, 'solver': 'saga'}",0.6113685900794456,0.618158331602712,0.6182736713105241,0.6159332021841686,0.0032283573899258154,7
0.21856101353963217,0.00205672913926657,0.004069884618123372,0.00020224607725974868,0.01,saga,"{'C': 0.01, 'solver': 'saga'}",0.628690273448377,0.6331144913736693,0.6270987752510364,0.6296345891433226,0.0025449959089279724,6
0.21718955039978027,0.0020769000921584575,0.005066076914469401,0.0009380270542944101,0.1,saga,"{'C': 0.1, 'solver': 'saga'}",0.6300067213844158,0.6338495972550386,0.6269531001202964,0.6302699516637866,0.002821530031480959,1
0.2136833667755127,0.001452483241203894,0.004229942957560222,0.0001861311042698287,1,saga,"{'C': 1, 'solver': 'saga'}",0.6298746767027154,0.6336589840142839,0.6266917177808908,0.6300752777354358,0.002847808495739242,2
0.2508111794789632,0.04743897691092978,0.004417101542154948,0.00032250143260727194,10,saga,"{'C': 10, 'solver': 'saga'}",0.6298494592696835,0.6336278001778948,0.6266478682600347,0.6300418616925857,0.0028526902286887547,3
0.21844140688578287,0.002436418239853649,0.004376967748006185,0.00025273676404603785,100,saga,"{'C': 100, 'solver': 'saga'}",0.6298452155592704,0.6336236368908377,0.6266441120627174,0.6300378072711085,0.002852530618348812,4
0.24914129575093588,0.046108443329056954,0.003236055374145508,0.00046704262480223423,1000,saga,"{'C': 1000, 'solver': 'saga'}",0.6298442362414829,0.6336238001569968,0.626644602001498,0.6300376984968612,0.002852426873477974,5
