mean_fit_time,mean_score_time,mean_test_score,param_max_depth,param_min_samples_split,params,rank_test_score,split0_test_score,split1_test_score,split2_test_score,std_fit_time,std_score_time,std_test_score
406.74250292778015,4.453666130701701,0.7037129994296474,,1900,{'min_samples_split': 1900},3,0.7037806271232762,0.7039248682919492,0.7034335028412296,0.6522334653212578,0.177959323751347,0.00020622014488062067
405.2005225817362,5.655598084131878,0.7037383797636919,,2000,{'min_samples_split': 2000},1,0.7038422196215398,0.7038725982443086,0.7035003213753446,0.8685174576888463,0.8783652212723903,0.00016878892575575595
403.851409594218,6.9763606389363595,0.7037163711057325,,2100,{'min_samples_split': 2100},2,0.7037786676416039,0.7038922392155884,0.7034782064300791,0.6729580340285162,0.6423571324324189,0.00017467383927610657
456.8572354316712,8.076897223790487,0.7029116192831545,16.0,2000,"{'max_depth': 16, 'min_samples_split': 2000}",3,0.7028699805273406,0.7029039228214171,0.7029609545207081,0.5012071714977773,0.5465405706077704,3.753659249981794e-05
455.624365568161,9.254594008127848,0.7027705578242309,16.0,2200,"{'max_depth': 16, 'min_samples_split': 2200}",4,0.7026909516480595,0.7028441513754146,0.7027765704874602,0.13667786405265894,0.11458316339720905,6.268787053335714e-05
471.94706519444776,3.8615633646647134,0.7036623937234837,18.0,2000,"{'max_depth': 18, 'min_samples_split': 2000}",1,0.7036833234241464,0.7037637830664599,0.7035400746697903,0.3159453868898852,0.305127316121492,9.251990458608234e-05
470.9341465632122,4.868000427881877,0.7035273702748892,18.0,2200,"{'max_depth': 18, 'min_samples_split': 2200}",2,0.7035178584835183,0.7037281326423954,0.7033361197033229,0.34868623321115216,0.3606151074932229,0.0001601798689226797
397.244833389918,4.396335283915202,0.7037129994296474,,1900,{'min_samples_split': 1900},3,0.7037806271232762,0.7039248682919492,0.7034335028412296,0.8774913883492836,0.28003968162340204,0.00020622014488062067
395.40119767189026,5.419546604156494,0.7037383797636919,,2000,{'min_samples_split': 2000},1,0.7038422196215398,0.7038725982443086,0.7035003213753446,0.8794889862364367,0.7998786962478112,0.00016878892575575595
394.012539545695,6.762018362681071,0.7037163711057325,,2100,{'min_samples_split': 2100},2,0.7037786676416039,0.7038922392155884,0.7034782064300791,0.9803801027152473,0.9773514413812722,0.00017467383927610657
