mean_fit_time,std_fit_time,mean_score_time,std_score_time,param_min_samples_split,param_random_state,params,split0_test_score,split1_test_score,split2_test_score,mean_test_score,std_test_score,rank_test_score
0.03961936632792155,0.004706440984231921,0.00429995854695638,0.00021153307652562793,2000,2019,"{'min_samples_split': 2000, 'random_state': 2019}",0.6469629042148126,0.6539030861611507,0.6377428174541927,0.6462030445102812,0.006618784879647815,1
0.026165485382080078,0.006014611445614274,0.003994941711425781,0.00012258997093577028,3000,2019,"{'min_samples_split': 3000, 'random_state': 2019}",0.6375925742337956,0.6283520384539061,0.6103083956224873,0.6254194087088435,0.011330452807311197,2
0.016911109288533527,0.002954686519435438,0.002833843231201172,0.0005719695336954735,4000,2019,"{'min_samples_split': 4000, 'random_state': 2019}",0.6027512493161349,0.6283520384539061,0.6103083956224873,0.6138023155148693,0.010739815099578727,3
