mean_fit_time,std_fit_time,mean_score_time,std_score_time,param_min_samples_leaf,params,split0_test_score,split1_test_score,split2_test_score,mean_test_score,std_test_score,rank_test_score
410.083449,1.161379677,3.046740214,0.213160903,250,{'min_samples_leaf': 400},0.702581628,0.702690965,0.70274659,0.702675394,6.92E-05,2
402.5204082,1.796356075,5.843153,0.677574452,500,{'min_samples_leaf': 500},0.702920161,0.702887803,0.70301624,0.702941401,5.45E-05,1
372.197607,0.870741163,2.962658326,0.096560783,750,{'min_samples_leaf': 750},0.70265019,0.702687801,0.702738472,0.702692154,3.62E-05,3
364.9332833,1.136959744,4.379561901,0.333776777,1000,{'min_samples_leaf': 1000},0.70200581,0.701927185,0.702101611,0.702011535,7.13E-05,4
357.6339629,1.284938322,8.249201775,1.300124106,1250,{'min_samples_leaf': 1250},0.70119729,0.701288686,0.701157145,0.701214374,5.50E-05,5