mean_fit_time,std_fit_time,mean_score_time,std_score_time,param_C,param_solver,params,split0_test_score,split1_test_score,split2_test_score,mean_test_score,std_test_score,rank_test_score
0.11391464869181316,0.0010225762450279932,0.0054730574289957685,0.0009105261271462843,0.001,lbfgs,"{'C': 0.001, 'solver': 'lbfgs'}",0.6013607540325098,0.6229077091555869,0.6140071586591112,0.6127569123605098,0.008841123218855228,7
0.11289469401041667,0.0028997444898792865,0.004002014795939128,7.480832249375721e-05,0.01,lbfgs,"{'C': 0.01, 'solver': 'lbfgs'}",0.6279582447521379,0.6467782359123616,0.6418862405280062,0.6388726809695525,0.007973457388547545,6
0.11090588569641113,0.0005068993182604592,0.005774895350138347,0.0011773740041170163,0.1,lbfgs,"{'C': 0.1, 'solver': 'lbfgs'}",0.6395859724103999,0.661959885049868,0.6548122505677685,0.6521175788574026,0.009331012803604388,5
0.24405535062154135,0.045444028613136206,0.00416262944539388,0.00016676379303241372,1,lbfgs,"{'C': 1, 'solver': 'lbfgs'}",0.6421716253777323,0.6674067867616255,0.6570576000117596,0.6555434268534192,0.01035805254198403,2
0.21240480740865073,0.001363106308200304,0.00471194585164388,0.00036326106165140385,10,lbfgs,"{'C': 10, 'solver': 'lbfgs'}",0.641532739242663,0.667956548262151,0.6560220198590317,0.655168487545585,0.01080472587699802,3
0.2122682730356852,0.0010386932688329835,0.004385073979695638,0.00012482669280374333,100,lbfgs,"{'C': 100, 'solver': 'lbfgs'}",0.640650048283636,0.668055769923342,0.6565144532886469,0.6550713633496539,0.0112351633965004,4
0.21549765268961588,0.001579354161200414,0.0034031073252360025,0.00045563083112225397,1000,lbfgs,"{'C': 1000, 'solver': 'lbfgs'}",0.6411655633029678,0.6683365304757496,0.6572119448180569,0.6555692882299395,0.01115352996183198,1
