mean_fit_time,std_fit_time,mean_score_time,std_score_time,param_num_leaves,params,split0_test_score,split1_test_score,split2_test_score,mean_test_score,std_test_score,rank_test_score
0.8804697195688883,0.016611219690025658,0.08510128657023112,0.003744098404517737,31,{'num_leaves': 31},0.6960497911278379,0.6860487271117172,0.6854093699811896,0.6891698027603028,0.004872403573187148,1
