mean_fit_time,std_fit_time,mean_score_time,std_score_time,param_C,param_solver,params,split0_test_score,split1_test_score,split2_test_score,mean_test_score,std_test_score,rank_test_score
0.11092360814412434,0.0014086946406921058,0.00583338737487793,0.003449130649746523,0.001,lbfgs,"{'C': 0.001, 'solver': 'lbfgs'}",0.5958193347506324,0.616750821334862,0.6078686452200883,0.6068113632543822,0.00857818184121582,7
0.11192949612935384,0.00041859265805159436,0.004914522171020508,0.0033418087820389648,0.01,lbfgs,"{'C': 0.01, 'solver': 'lbfgs'}",0.6160419168052755,0.6355191497806099,0.6300568135882227,0.6272043651947142,0.0082035951426771,6
0.11170125007629395,0.0008204363571432837,0.002973318099975586,0.00048344848857408845,0.1,lbfgs,"{'C': 0.1, 'solver': 'lbfgs'}",0.6175686343625275,0.6406213480916367,0.6310505001506699,0.629745087793063,0.009456715020250476,1
0.10730965932210286,0.0015381755213883961,0.0025647481282552085,7.587115376127585e-05,1,lbfgs,"{'C': 1, 'solver': 'lbfgs'}",0.6170516506394369,0.640892553965559,0.6296716865477476,0.6292035608157128,0.009738981198726864,2
0.10837594668070476,0.0009954123169141926,0.0028116703033447266,0.00018749535788804513,10,lbfgs,"{'C': 10, 'solver': 'lbfgs'}",0.6169694032289452,0.6409403273579843,0.6293879860942679,0.6290975060600661,0.009788592869229604,3
0.10370794932047527,0.0005610854699549889,0.002787351608276367,0.00036390522660063537,100,lbfgs,"{'C': 100, 'solver': 'lbfgs'}",0.6169451696169252,0.6409520869622737,0.6293747565394424,0.6290889359679154,0.009803215868828596,4
0.10526514053344727,0.00237303810680533,0.0023262500762939453,0.00047881479241301247,1000,lbfgs,"{'C': 1000, 'solver': 'lbfgs'}",0.6169356230424933,0.640954291888078,0.6293799013663189,0.6290882024348124,0.009808099065052903,5
