mean_fit_time,std_fit_time,mean_score_time,std_score_time,param_min_samples_split,params,split0_test_score,split1_test_score,split2_test_score,mean_test_score,std_test_score,rank_test_score
0.11997262636820476,0.026233176600386765,0.008355061213175455,0.0023527159747979373,2000,{'min_samples_split': 2000},0.6620960681370144,0.6562737960426894,0.6607107803189632,0.659693614132309,0.0024834280607641058,1
0.08956321080525716,0.015521560481242007,0.005628347396850586,0.0014975605718604323,4000,{'min_samples_split': 4000},0.6542600160542829,0.6488950636150261,0.6502055538153656,0.6511204042311887,0.002283823047915866,2
