mean_fit_time,std_fit_time,mean_score_time,std_score_time,param_min_samples_split,param_random_state,params,split0_test_score,split1_test_score,split2_test_score,mean_test_score,std_test_score,rank_test_score
0.08522613843282063,0.009070282967066573,0.002780755360921224,8.713850255590244e-05,2000,2019,"{'min_samples_split': 2000, 'random_state': 2019}",0.593876606853706,0.5912126356948089,0.5689910259519767,0.5846947347169287,0.011156150280121605,1
0.08052595456441243,0.023252624912186704,0.0033273696899414062,0.00031738178804351455,3000,2019,"{'min_samples_split': 3000, 'random_state': 2019}",0.5846480067854114,0.5755583974599254,0.5624773076385979,0.5742293925474293,0.00910011552020723,2
0.06033627192179362,0.025728868037605743,0.0030903021494547525,0.0004616845259963842,4000,2019,"{'min_samples_split': 4000, 'random_state': 2019}",0.5846480067854114,0.5575933969821915,0.5461248428990364,0.5627918716400078,0.016151342230088836,3
