mean_fit_time,std_fit_time,mean_score_time,std_score_time,param_C,param_solver,params,split0_test_score,split1_test_score,split2_test_score,mean_test_score,std_test_score,rank_test_score
0.40327707926432294,0.04623866195273505,0.005067904790242513,0.00013783018176864617,0.001,saga,"{'C': 0.001, 'solver': 'saga'}",0.6219724798644102,0.626603355315489,0.6282585420009819,0.6256111597240015,0.0026604489800821935,7
0.5024723211924235,0.05336984633785887,0.01163498560587565,0.0038484461822307576,0.01,saga,"{'C': 0.01, 'solver': 'saga'}",0.6493828502521908,0.6500089469855189,0.6457100797065071,0.6483674672085744,0.0018961632656632507,6
0.5084077517191569,0.046798021913882666,0.005877256393432617,0.0005727489517914953,0.1,saga,"{'C': 0.1, 'solver': 'saga'}",0.6588736637616837,0.6563282453067509,0.6517475136423454,0.6556501469107419,0.00294848737465465,5
1.1886155605316162,0.04668983793133194,0.00524600346883138,0.00013498286831979388,1,saga,"{'C': 1, 'solver': 'saga'}",0.6607542803532204,0.6575237617567962,0.6534342912071993,0.6572377930099836,0.0029952065698604573,4
1.496870994567871,0.04895803292614656,0.005551656087239583,0.0002895318114350437,10,saga,"{'C': 10, 'solver': 'saga'}",0.6614704880952498,0.6579822947646421,0.6538888727390549,0.6577809128956182,0.003098455373454235,3
1.4507958094278972,0.003474825239194453,0.005394299825032552,0.00020995968480723722,100,saga,"{'C': 100, 'solver': 'saga'}",0.6616514986663324,0.6580664584696606,0.6538975283241775,0.6578721977234065,0.0031685240137063544,2
1.4186933040618896,0.12658893753052625,0.005362749099731445,0.0005278833938324557,1000,saga,"{'C': 1000, 'solver': 'saga'}",0.6616789195643864,0.6580682543974107,0.6538916490588111,0.6578799784959412,0.0031819261497464503,1
