mean_fit_time,std_fit_time,mean_score_time,std_score_time,param_C,param_solver,params,split0_test_score,split1_test_score,split2_test_score,mean_test_score,std_test_score,rank_test_score
0.9459380308787028,0.0034283606060853777,0.008615334828694662,0.0015022380171320615,1,saga,"{'C': 1, 'solver': 'saga'}",0.6607542803532204,0.6575237617567962,0.6534342912071993,0.6572377930099836,0.0029952065698604573,1
