mean_fit_time,std_fit_time,mean_score_time,std_score_time,param_min_samples_split,param_n_estimators,params,split0_test_score,split1_test_score,split2_test_score,mean_test_score,std_test_score,rank_test_score
0.1443504492441813,0.01005999992840205,0.11250662803649902,0.00035972051837184215,2000,5,"{'min_samples_split': 2000, 'n_estimators': 5}",0.6604151099594334,0.6591065455362379,0.6610238511997131,0.6601818065774502,0.0007999088292112054,2
0.14576244354248047,0.010383881577411026,0.11083118120829265,0.001055203557482466,4000,5,"{'min_samples_split': 4000, 'n_estimators': 5}",0.6613514193742356,0.6584249909550548,0.6632659743722822,0.661014037064572,0.0019906029253032686,1
