Model,PCA,Fine Tune,Train AUC Score,Test AUC Score
LogisticRegression,False,False,0.6630342348879529,0.65484743134534
LogisticRegression,False,True,0.6630268788371817,0.6547946903441498
DecisionTreeClassifier,False,False,1.0,0.5497627148776044
DecisionTreeClassifier,False,True,0.6746701602616795,0.6527521370475904
GaussianNB,False,False,0.6412528324990505,0.6368937624383331
RandomForestClassifier,False,False,0.9991517684340614,0.6269195897263691
RandomForestClassifier,False,True,0.6700751999727889,0.6598284929802123
LGBMClassifier,False,False,0.7713767901178579,0.6827780384100662
LGBMClassifier,False,True,0.7808991933060846,0.683238880192001
NeuralNetwork,False,False,0.6632716511998367,0.6504939530565583
BaggingClassifier,False,False,0.7825956020158844,0.6839615504274095
