Model,PCA,Fine Tune,Train ROC Score,Test ROC Score
LogisticRegression,False,False,0.6630342348879529,0.65484743134534
LogisticRegression,False,False,0.6630342348879529,0.65484743134534
LogisticRegression,True,False,0.6347862561579147,0.6250253581499168
LogisticRegression,True,False,0.6347893944977012,0.6250268396387142
LogisticRegression,False,True,0.6637697039098862,0.6560970177630507
LogisticRegression,False,True,0.6637697039098862,0.6560970177630507
LogisticRegression,True,True,0.6349363703875872,0.6253066928725574
NeuralNetwork,True,False,0.6566245749692459,0.6305310643509351
