Model,PCA,Fine Tune,Train AUC Score,Test AUC Score
GaussianNB,False,False,0.639779654,0.6391385692
LogisticRegression,False,True,0.660547559963573,0.6600605228951559
DecisionTreeClassifier,False,True,0.7174538805824758,0.7056765191272162
RandomForestClassifier,False,True,0.8897349575757122,0.7275138574965161
LGBMClassifier,False,True,0.8287248088855179,0.7415572513607319
LGBM (Bagging),False,False,0.8261781506918205,0.7436388820470129
NeuralNetwork,False,False,0.6801214019556779,0.6795069353557094
Average,False,False,0.8286885871505993,0.7437738801133102
