Model,PCA,Fine Tune,Train AUC Score,Test AUC Score
GaussianNB,False,False,0.639779654,0.639138569
LogisticRegression,False,True,0.660547564,0.660060525
DecisionTreeClassifier,False,True,0.717453881,0.7056765190000001
RandomForestClassifier,False,False,0.7661275609999999,0.7228840790000001
NeuralNetwork,False,False,0.6452286984004749,0.5536148821721313
NeuralNetwork,False,False,0.6864361232773419,0.5837242251536885
NeuralNetwork,False,False,0.6670436861272881,0.5850569928278688
NeuralNetwork,False,False,0.6680624408400314,0.56787109375
NeuralNetwork,False,False,0.691582037830293,0.6126528880635247
NeuralNetwork,False,False,0.7224134058494167,0.6042400422643442
NeuralNetwork,False,False,0.6713513340071553,0.5700723616803278
NeuralNetwork,False,False,0.7167019621055334,0.6022108734631147
NeuralNetwork,False,False,0.6801214019556779,0.6795069353557094
LogisticRegression,False,True,0.7236821676921694,0.6283988923364361
LogisticRegression,False,True,0.7236821676921694,0.6283988923364361
LogisticRegression,False,True,0.7236821676921694,0.6283988923364361
