Model,Test ROC Score,PCA,Fine Tune,Train ROC Score
BaggingClassifier,0.6860107951150375,False,False,0.7786390444390274
GaussianNB,0.6860107951150375,False,False,0.7786390444390274
LGBMClassifier,0.6830350273334683,False,True,0.7775003259655667
RandomForestClassifier,0.6598284929802123,False,True,0.6700751999727889
LogisticRegression,0.65484743134534,False,False,0.6630342348879529
DecisionTreeClassifier,0.6527521370475904,False,True,0.6746701602616795
NeuralNetwork,0.650577410258816,False,False,0.663183129156061
