No. of Models,Score
2,0.6845859979555455
1,0.6839615504274095
3,0.6834032760655608
4,0.6820543311324994
5,0.6787386604378293
6,0.6767512925989758
7,0.6697765914893408
