Model,Test AUC Score,PCA,Fine Tune,Train AUC Score
Average,0.6845859979555455,False,False,0.7831449656744087
LGBM (Bagging),0.6845859979555455,False,False,0.7831449656744087
LGBMClassifier,0.683238880192001,False,True,0.7808991933060846
RandomForestClassifier,0.6598284929802123,False,True,0.6700751999727889
LogisticRegression,0.65484743134534,False,False,0.6630342348879529
DecisionTreeClassifier,0.6527521370475904,False,True,0.6746701602616795
NeuralNetwork,0.6504939530565583,False,False,0.6632716511998367
GaussianNB,0.6368937624383331,False,False,0.6412528324990505
