Model,Test AUC Score,PCA,Fine Tune,Train AUC Score
LGBM (Bagging),0.749388820470129,False,False,0.8261781506918205
LGBMClassifier,0.7415572513607319,False,True,0.8287248088855179
RandomForestClassifier,0.7275138574965161,False,True,0.8897349575757122
DecisionTreeClassifier,0.7056765191272162,False,True,0.7174538805824758
NeuralNetwork,0.6795069353557094,False,False,0.6801214019556779
LogisticRegression,0.6600605228951559,False,True,0.660547559963573
GaussianNB,0.6391385692,False,False,0.639779654
