Model,PCA,Fine Tune,Train ROC Score,Test ROC Score
LogisticRegression,False,False,0.5808748043015168,0.5559608176195815
LogisticRegression,False,True,0.5850211881927869,0.5613490194119264
LogisticRegression,False,False,0.6693922453469836,0.6468504628240601
LogisticRegression,True,False,0.6266613600135524,0.6038626084830705
LogisticRegression,False,True,0.6693922453469836,0.6468504628240601
LogisticRegression,True,True,0.6288341487209946,0.6019544176639887
DecisionTreeClassifier,False,False,1.0,0.5582458245824582
DecisionTreeClassifier,True,False,1.0,0.5327232723272327
DecisionTreeClassifier,False,True,0.6638492828874725,0.6412774610794413
DecisionTreeClassifier,True,True,0.6169765956187455,0.5852609705414986
GaussianNB,False,False,0.6469620839634984,0.6282570479270151
GaussianNB,True,False,0.6232704086735203,0.6090986876465425
LogisticRegression,False,False,0.6693922453469836,0.6468504628240601
LogisticRegression,True,False,0.6405381762666063,0.6194023846829126
LogisticRegression,False,True,0.6693922453469836,0.6468504628240601
LogisticRegression,True,True,0.6405094386989719,0.6183271660499383
DecisionTreeClassifier,False,False,1.0,0.5692569256925692
DecisionTreeClassifier,True,False,1.0,0.532026535986932
DecisionTreeClassifier,False,True,0.6638492828874725,0.6412774610794413
DecisionTreeClassifier,True,True,0.6204164906286547,0.6124968052360792
GaussianNB,False,False,0.6469620839634984,0.6282570479270151
GaussianNB,True,False,0.6365991701210938,0.6255896700781189
LogisticRegression,False,False,0.6693922453469836,0.6468504628240601
LogisticRegression,False,False,0.6693922453469836,0.6468504628240601
LogisticRegression,True,False,0.6404989070335605,0.6194508339722861
LogisticRegression,False,True,0.6699723033527842,0.6463259659299263
LogisticRegression,True,True,0.6404686182904005,0.6183160538276049
LogisticRegression,False,False,0.6693922453469836,0.6468504628240601
LogisticRegression,False,False,0.6693922453469836,0.6468504628240601
LogisticRegression,True,False,0.6406351655573721,0.6194566123278995
